name,email,age
Sanjay Agarwal,sanjayagarwal@aol.com,29
Rajendra Khanna,rajendrakhanna@yahoo.co.uk,28
Rakesh Sinha,rakeshsinha@hotmail.com,51
Praveen Saxena,praveensaxena@rediffmail.com,24
Sandeep Saxena,sandeepsaxena@hotmail.co.uk,55
Rajesh Mehta,rajeshmehta@hotmail.co.uk,52
Rahul Tiwari,rahultiwari@hotmail.com,28
Deepak Yadav,deepakyadav@gmail.com,51
Vijay Mehta,vijaymehta@gmail.co.uk,32
Sunil Patel,sunilpatel@hotmail.com,24
Sachin Chandra,sachinchandra@rediffmail.com,18
Aryan Jain,aryanjain@gmail.com,61
Aryan Saxena,aryansaxena@hotmail.com,28
Sohan Malhotra,sohanmalhotra@gmail.com,34
Raj Singh,rajsingh@yahoo.com,44
Kumar Wadhwa,kumarwadhwa@rediffmail.com,56
Amit Mishra,amitmishra@outlook.com,39
Mukesh Goyal,mukeshgoyal@hotmail.com,58
Amit Tiwari,amittiwari@rediffmail.com,34
Anil Joshi,aniljoshi@indiatimes.com,62
Aryan Chandra,aryanchandra@indiatimes.com,46
Amit Saxena,amitsaxena@rediffmail.com,31
Nitin Mehta,nitinmehta@yahoo.com,46
Rahul Das,rahuldas@rediffmail.com,21
Suresh Upadhyay,sureshupadhyay@gmail.co.uk,22
Vivek Gupta,vivekgupta@hotmail.co.uk,39
Ravi Joshi,ravijoshi@rediffmail.com,38
Rohan Yadav,rohanyadav@outlook.com,41
Rajesh Kumar,rajeshkumar@outlook.com,18
Deepak Yadav,deepakyadav@hotmail.co.uk,36
Rajesh Kumar,rajeshkumar@hotmail.co.uk,54
Dinesh Agarwal,dineshagarwal@hotmail.com,34
Raj Goyal,rajgoyal@aol.com,25
Mukesh Shah,mukeshshah@hotmail.co.uk,32
Sanjay Bansal,sanjaybansal@indiatimes.com,45
Narendra Reddy,narendrareddy@hotmail.co.uk,25
Sanjay Khanna,sanjaykhanna@yahoo.co.uk,36
Nitin Agarwal,nitinagarwal@hotmail.co.uk,47
Tarun Kapoor,tarunkapoor@aol.com,18
Aryan Goyal,aryangoyal@yahoo.com,61
Tarun Wadhwa,tarunwadhwa@aol.com,59
Rakesh Wadhwa,rakeshwadhwa@hotmail.com,52
Aryan Mehta,aryanmehta@gmail.com,18
Dinesh Mishra,dineshmishra@rediffmail.com,57
Rohan Bansal,rohanbansal@hotmail.com,57
Aryan Vyas,aryanvyas@hotmail.co.uk,36
Ravi Khanna,ravikhanna@outlook.com,33
Vivek Joshi,vivekjoshi@yahoo.com,53
Rajesh Naidu,rajeshnaidu@indiatimes.com,62
Rohan Das,rohandas@yahoo.com,25
